stable_id,record_type,original_group,group_index,original_priority,original_implementation_status,original_title,original_source_keys,inventory_source_anchor,capability_cluster,proposed_disposition,roadmap_gate,mapping_reason,evidence_grade,unresolved_blocker
UTINV-01-001,MAIN,1,1,P0,PARTIAL,Semantic Composition,"I, E",DEVELOPMENT_INVENTORY_2026-10-09.md#L23,C02,RESEARCH_COMPARE_A_B_C,G02,N+1 hypothesis requires A/B/C competing controls before adoption; refer to inventory source line for original technical qualifications,DOC/HISTORICAL,"Await fresh code check, E-gate and explicit maintainer approval"
UTINV-01-002,MAIN,1,2,P0,PARTIAL,N+1 Extensibility,"B, E",DEVELOPMENT_INVENTORY_2026-10-09.md#L24,C02,RESEARCH_COMPARE_A_B_C,G02,N+1 hypothesis requires A/B/C competing controls before adoption; refer to inventory source line for original technical qualifications,DOC/HISTORICAL,"Await fresh code check, E-gate and explicit maintainer approval"
UTINV-01-003,MAIN,1,3,P0,NEW,ProgramSnapshot,"I, K",DEVELOPMENT_INVENTORY_2026-10-09.md#L25,C03,RESEARCH,G03,Exact provenance and fail-closed trust require adversarial E7 controls; refer to inventory source line for original technical qualifications,DOC/HISTORICAL,"Await fresh code check, E-gate and explicit maintainer approval"
UTINV-01-004,MAIN,1,4,P0,PARTIAL,Local Feasibility,"B, E",DEVELOPMENT_INVENTORY_2026-10-09.md#L26,C04,RESEARCH,G05,IR or legality hypothesis requires real UT transformation and independent oracle; refer to inventory source line for original technical qualifications,DOC/HISTORICAL,"Await fresh code check, E-gate and explicit maintainer approval"
UTINV-01-005,MAIN,1,5,P0,PARTIAL,Executable Identity,"I, K",DEVELOPMENT_INVENTORY_2026-10-09.md#L27,C03,RESEARCH,G03,Exact provenance and fail-closed trust require adversarial E7 controls; refer to inventory source line for original technical qualifications,DOC/HISTORICAL,"Await fresh code check, E-gate and explicit maintainer approval"
UTINV-01-006,MAIN,1,6,P1,PARTIAL,Semantic Compatibility,"C, E",DEVELOPMENT_INVENTORY_2026-10-09.md#L28,C02,RESEARCH,G02,N+1 hypothesis requires A/B/C competing controls before adoption; refer to inventory source line for original technical qualifications,DOC/HISTORICAL,"Await fresh code check, E-gate and explicit maintainer approval"
UTINV-01-007,MAIN,1,7,P1,PARTIAL,Provider Evolution,"I, W",DEVELOPMENT_INVENTORY_2026-10-09.md#L29,C03,RESEARCH,G03,Exact provenance and fail-closed trust require adversarial E7 controls; refer to inventory source line for original technical qualifications,DOC/HISTORICAL,"Await fresh code check, E-gate and explicit maintainer approval"
UTINV-01-008,MAIN,1,8,P1,PARTIAL,Cross-Package Interop,"E, G",DEVELOPMENT_INVENTORY_2026-10-09.md#L30,C02,RESEARCH,G02,N+1 hypothesis requires A/B/C competing controls before adoption; refer to inventory source line for original technical qualifications,DOC/HISTORICAL,"Await fresh code check, E-gate and explicit maintainer approval"
UTINV-01-009,MAIN,1,9,P1,PARTIAL,Planning Explainability,"F, D",DEVELOPMENT_INVENTORY_2026-10-09.md#L31,C06,PROTOTYPE,G07,Shared diagnostics/tooling are conditional on authoritative binder and versioning; refer to inventory source line for original technical qualifications,DOC/HISTORICAL,"Await fresh code check, E-gate and explicit maintainer approval"
UTINV-01-010,MAIN,1,10,P1,PARTIAL,Component Concurrency,"G, F",DEVELOPMENT_INVENTORY_2026-10-09.md#L32,C01,CHARACTERIZE,G00,"Existing global composition; characterize first, avoid duplicate planner; refer to inventory source line for original technical qualifications",DOC/HISTORICAL,"Await fresh code check, E-gate and explicit maintainer approval"
UTINV-01-011,MAIN,1,11,P2,NEW,Persistent Plan Cache,F,DEVELOPMENT_INVENTORY_2026-10-09.md#L33,C10,DEFER,,Speculative scale/solver/AI/UI complexity requires new measured trigger; refer to inventory source line for original technical qualifications,DOC/HISTORICAL,"Await fresh code check, E-gate and explicit maintainer approval"
UTINV-01-012,MAIN,1,12,P2,NEW,Incremental Planning,F,DEVELOPMENT_INVENTORY_2026-10-09.md#L34,C10,DEFER,,Speculative scale/solver/AI/UI complexity requires new measured trigger; refer to inventory source line for original technical qualifications,DOC/HISTORICAL,"Await fresh code check, E-gate and explicit maintainer approval"
UTINV-01-013,MAIN,1,13,P2,NEW,Route Search Indexing,F,DEVELOPMENT_INVENTORY_2026-10-09.md#L35,C10,DEFER,,Speculative scale/solver/AI/UI complexity requires new measured trigger; refer to inventory source line for original technical qualifications,DOC/HISTORICAL,"Await fresh code check, E-gate and explicit maintainer approval"
UTINV-01-014,MAIN,1,14,P3,PARTIAL,Advanced Version Resolution,"F, W",DEVELOPMENT_INVENTORY_2026-10-09.md#L36,C10,DEFER,,Speculative scale/solver/AI/UI complexity requires new measured trigger; refer to inventory source line for original technical qualifications,DOC/HISTORICAL,"Await fresh code check, E-gate and explicit maintainer approval"
UTINV-02-001,MAIN,2,1,P0,EXPERIMENTAL,Typed Semantic Properties,"V, K",DEVELOPMENT_INVENTORY_2026-10-09.md#L44,C02,RESEARCH,G02,N+1 hypothesis requires A/B/C competing controls before adoption; refer to inventory source line for original technical qualifications,DOC/HISTORICAL,"Await fresh code check, E-gate and explicit maintainer approval"
UTINV-02-002,MAIN,2,2,P0,NEW,Versioned Predicate Schemas,"K, B",DEVELOPMENT_INVENTORY_2026-10-09.md#L45,C02,RESEARCH,G02,N+1 hypothesis requires A/B/C competing controls before adoption; refer to inventory source line for original technical qualifications,DOC/HISTORICAL,"Await fresh code check, E-gate and explicit maintainer approval"
UTINV-02-003,MAIN,2,3,P0,NEW,Semantic Subjects,I,DEVELOPMENT_INVENTORY_2026-10-09.md#L46,C02,RESEARCH,G02,N+1 hypothesis requires A/B/C competing controls before adoption; refer to inventory source line for original technical qualifications,DOC/HISTORICAL,"Await fresh code check, E-gate and explicit maintainer approval"
UTINV-02-004,MAIN,2,4,P0,EXPERIMENTAL,Four-Valued Evidence,"V, E",DEVELOPMENT_INVENTORY_2026-10-09.md#L47,C02,RESEARCH,G02,N+1 hypothesis requires A/B/C competing controls before adoption; refer to inventory source line for original technical qualifications,DOC/HISTORICAL,"Await fresh code check, E-gate and explicit maintainer approval"
UTINV-02-005,MAIN,2,5,P0,NEW,Evidence Authority,"I, V",DEVELOPMENT_INVENTORY_2026-10-09.md#L48,C03,RESEARCH,G03,Exact provenance and fail-closed trust require adversarial E7 controls; refer to inventory source line for original technical qualifications,DOC/HISTORICAL,"Await fresh code check, E-gate and explicit maintainer approval"
UTINV-02-006,MAIN,2,6,P0,NEW,Trust Policies,"K, E",DEVELOPMENT_INVENTORY_2026-10-09.md#L49,C03,RESEARCH,G03,Exact provenance and fail-closed trust require adversarial E7 controls; refer to inventory source line for original technical qualifications,DOC/HISTORICAL,"Await fresh code check, E-gate and explicit maintainer approval"
UTINV-02-007,MAIN,2,7,P0,NEW,Scoped Evidence,"I, K",DEVELOPMENT_INVENTORY_2026-10-09.md#L50,C03,RESEARCH,G03,Exact provenance and fail-closed trust require adversarial E7 controls; refer to inventory source line for original technical qualifications,DOC/HISTORICAL,"Await fresh code check, E-gate and explicit maintainer approval"
UTINV-02-008,MAIN,2,8,P0,NEW,Proof Provenance,"I, V",DEVELOPMENT_INVENTORY_2026-10-09.md#L51,C03,RESEARCH,G03,Exact provenance and fail-closed trust require adversarial E7 controls; refer to inventory source line for original technical qualifications,DOC/HISTORICAL,"Await fresh code check, E-gate and explicit maintainer approval"
UTINV-02-009,MAIN,2,9,P0,NEW,Evidence Invalidation,"B, E",DEVELOPMENT_INVENTORY_2026-10-09.md#L52,C03,RESEARCH,G03,Exact provenance and fail-closed trust require adversarial E7 controls; refer to inventory source line for original technical qualifications,DOC/HISTORICAL,"Await fresh code check, E-gate and explicit maintainer approval"
UTINV-02-010,MAIN,2,10,P0,NEW,Contradiction Handling,"I, V",DEVELOPMENT_INVENTORY_2026-10-09.md#L53,C03,RESEARCH,G03,Exact provenance and fail-closed trust require adversarial E7 controls; refer to inventory source line for original technical qualifications,DOC/HISTORICAL,"Await fresh code check, E-gate and explicit maintainer approval"
UTINV-02-011,MAIN,2,11,P0,NEW,Open-World Semantics,V,DEVELOPMENT_INVENTORY_2026-10-09.md#L54,C02,RESEARCH,G02,N+1 hypothesis requires A/B/C competing controls before adoption; refer to inventory source line for original technical qualifications,DOC/HISTORICAL,"Await fresh code check, E-gate and explicit maintainer approval"
UTINV-02-012,MAIN,2,12,P0,NEW,Dependency Completeness,"I, E",DEVELOPMENT_INVENTORY_2026-10-09.md#L55,C03,RESEARCH,G03,Exact provenance and fail-closed trust require adversarial E7 controls; refer to inventory source line for original technical qualifications,DOC/HISTORICAL,"Await fresh code check, E-gate and explicit maintainer approval"
UTINV-02-013,MAIN,2,13,P1,EXPERIMENTAL,Semantic Query API,"K, B",DEVELOPMENT_INVENTORY_2026-10-09.md#L56,C02,RESEARCH,G02,N+1 hypothesis requires A/B/C competing controls before adoption; refer to inventory source line for original technical qualifications,DOC/HISTORICAL,"Await fresh code check, E-gate and explicit maintainer approval"
UTINV-02-014,MAIN,2,14,P1,EXPERIMENTAL,Semantic Vocabulary,V,DEVELOPMENT_INVENTORY_2026-10-09.md#L57,C02,RESEARCH,G02,N+1 hypothesis requires A/B/C competing controls before adoption; refer to inventory source line for original technical qualifications,DOC/HISTORICAL,"Await fresh code check, E-gate and explicit maintainer approval"
UTINV-02-015,MAIN,2,15,P1,PARTIAL,Algebraic Laws,"M, V",DEVELOPMENT_INVENTORY_2026-10-09.md#L58,C02,RESEARCH,G02,N+1 hypothesis requires A/B/C competing controls before adoption; refer to inventory source line for original technical qualifications,DOC/HISTORICAL,"Await fresh code check, E-gate and explicit maintainer approval"
UTINV-02-016,MAIN,2,16,P1,PARTIAL,Effect Semantics,"M, I",DEVELOPMENT_INVENTORY_2026-10-09.md#L59,C02,RESEARCH,G02,N+1 hypothesis requires A/B/C competing controls before adoption; refer to inventory source line for original technical qualifications,DOC/HISTORICAL,"Await fresh code check, E-gate and explicit maintainer approval"
UTINV-02-017,MAIN,2,17,P1,NEW,Proof Obligations,"I, K",DEVELOPMENT_INVENTORY_2026-10-09.md#L60,C02,RESEARCH,G02,N+1 hypothesis requires A/B/C competing controls before adoption; refer to inventory source line for original technical qualifications,DOC/HISTORICAL,"Await fresh code check, E-gate and explicit maintainer approval"
UTINV-02-018,MAIN,2,18,P1,NEW,Preservation Certificates,"K, E",DEVELOPMENT_INVENTORY_2026-10-09.md#L61,C02,RESEARCH,G02,N+1 hypothesis requires A/B/C competing controls before adoption; refer to inventory source line for original technical qualifications,DOC/HISTORICAL,"Await fresh code check, E-gate and explicit maintainer approval"
UTINV-02-019,MAIN,2,19,P1,NEW,Delegates/Captures Semantics,V,DEVELOPMENT_INVENTORY_2026-10-09.md#L62,C02,RESEARCH,G02,N+1 hypothesis requires A/B/C competing controls before adoption; refer to inventory source line for original technical qualifications,DOC/HISTORICAL,"Await fresh code check, E-gate and explicit maintainer approval"
UTINV-02-020,MAIN,2,20,P3,EXPERIMENTAL,Bounded Inference Kernel,"D, V",DEVELOPMENT_INVENTORY_2026-10-09.md#L63,C10,DEFER,,Speculative scale/solver/AI/UI complexity requires new measured trigger; refer to inventory source line for original technical qualifications,DOC/HISTORICAL,"Await fresh code check, E-gate and explicit maintainer approval"
UTINV-03-001,MAIN,3,1,P0,PARTIAL,Bytecode Verification,"X, O",DEVELOPMENT_INVENTORY_2026-10-09.md#L71,C04,RESEARCH,G04,IR or legality hypothesis requires real UT transformation and independent oracle; refer to inventory source line for original technical qualifications,DOC/HISTORICAL,"Await fresh code check, E-gate and explicit maintainer approval"
UTINV-03-002,MAIN,3,2,P0,PARTIAL,Bytecode Tag Registry,"X, O",DEVELOPMENT_INVENTORY_2026-10-09.md#L72,C04,RESEARCH,G04,IR or legality hypothesis requires real UT transformation and independent oracle; refer to inventory source line for original technical qualifications,DOC/HISTORICAL,"Await fresh code check, E-gate and explicit maintainer approval"
UTINV-03-003,MAIN,3,3,P0,PARTIAL,Declarative Bytecode Operations,PR371,DEVELOPMENT_INVENTORY_2026-10-09.md#L73,C04,RESEARCH_UNMERGED_PR,,"Unmerged PR, do not infer master implementation; IR or legality hypothesis requires real UT transformation and independent oracle",DOC/HISTORICAL,"Await fresh code check, E-gate and explicit maintainer approval"
UTINV-03-004,MAIN,3,4,P0,EXPERIMENTAL,Plan-Owned Operation Handlers,PR371,DEVELOPMENT_INVENTORY_2026-10-09.md#L74,C04,RESEARCH_UNMERGED_PR,,"Unmerged PR, do not infer master implementation; IR or legality hypothesis requires real UT transformation and independent oracle",DOC/HISTORICAL,"Await fresh code check, E-gate and explicit maintainer approval"
UTINV-03-005,MAIN,3,5,P0,PARTIAL,Typed AIR Verification,"X, S",DEVELOPMENT_INVENTORY_2026-10-09.md#L75,C04,RESEARCH,G04,IR or legality hypothesis requires real UT transformation and independent oracle; refer to inventory source line for original technical qualifications,DOC/HISTORICAL,"Await fresh code check, E-gate and explicit maintainer approval"
UTINV-03-006,MAIN,3,6,P0,NEW,Guarded Transformations,"I, K",DEVELOPMENT_INVENTORY_2026-10-09.md#L76,C04,RESEARCH,G05,IR or legality hypothesis requires real UT transformation and independent oracle; refer to inventory source line for original technical qualifications,DOC/HISTORICAL,"Await fresh code check, E-gate and explicit maintainer approval"
UTINV-03-007,MAIN,3,7,P0,NEW,Transformation Observation Model,I,DEVELOPMENT_INVENTORY_2026-10-09.md#L77,C04,RESEARCH,G05,IR or legality hypothesis requires real UT transformation and independent oracle; refer to inventory source line for original technical qualifications,DOC/HISTORICAL,"Await fresh code check, E-gate and explicit maintainer approval"
UTINV-03-008,MAIN,3,8,P0,NEW,Cross-IR Fact Transfer,"E, K",DEVELOPMENT_INVENTORY_2026-10-09.md#L78,C04,RESEARCH,G04,IR or legality hypothesis requires real UT transformation and independent oracle; refer to inventory source line for original technical qualifications,DOC/HISTORICAL,"Await fresh code check, E-gate and explicit maintainer approval"
UTINV-03-009,MAIN,3,9,P1,PARTIAL,Callable-First SSA,"M, S",DEVELOPMENT_INVENTORY_2026-10-09.md#L79,C04,ALREADY_PARTIAL_CHARACTERIZE,G04,IR or legality hypothesis requires real UT transformation and independent oracle; refer to inventory source line for original technical qualifications,DOC/HISTORICAL,"Await fresh code check, E-gate and explicit maintainer approval"
UTINV-03-010,MAIN,3,10,P1,PARTIAL,AIR → SSA Coverage,S,DEVELOPMENT_INVENTORY_2026-10-09.md#L80,C04,RESEARCH,G04,IR or legality hypothesis requires real UT transformation and independent oracle; refer to inventory source line for original technical qualifications,DOC/HISTORICAL,"Await fresh code check, E-gate and explicit maintainer approval"
UTINV-03-011,MAIN,3,11,P1,PARTIAL,SSA → AIR Scheduling,S,DEVELOPMENT_INVENTORY_2026-10-09.md#L81,C04,RESEARCH,G04,IR or legality hypothesis requires real UT transformation and independent oracle; refer to inventory source line for original technical qualifications,DOC/HISTORICAL,"Await fresh code check, E-gate and explicit maintainer approval"
UTINV-03-012,MAIN,3,12,P1,PARTIAL,SSA Return Model,S,DEVELOPMENT_INVENTORY_2026-10-09.md#L82,C04,RESEARCH,G04,IR or legality hypothesis requires real UT transformation and independent oracle; refer to inventory source line for original technical qualifications,DOC/HISTORICAL,"Await fresh code check, E-gate and explicit maintainer approval"
UTINV-03-013,MAIN,3,13,P1,PARTIAL,Managed Callable Mapping,"M, S",DEVELOPMENT_INVENTORY_2026-10-09.md#L83,C04,RESEARCH,G04,IR or legality hypothesis requires real UT transformation and independent oracle; refer to inventory source line for original technical qualifications,DOC/HISTORICAL,"Await fresh code check, E-gate and explicit maintainer approval"
UTINV-03-014,MAIN,3,14,P1,PARTIAL,Constant Representation,M,DEVELOPMENT_INVENTORY_2026-10-09.md#L84,C04,RESEARCH,G04,IR or legality hypothesis requires real UT transformation and independent oracle; refer to inventory source line for original technical qualifications,DOC/HISTORICAL,"Await fresh code check, E-gate and explicit maintainer approval"
UTINV-03-015,MAIN,3,15,P1,PARTIAL,SSA Optimization Suite,S,DEVELOPMENT_INVENTORY_2026-10-09.md#L85,C04,RESEARCH,G04,IR or legality hypothesis requires real UT transformation and independent oracle; refer to inventory source line for original technical qualifications,DOC/HISTORICAL,"Await fresh code check, E-gate and explicit maintainer approval"
UTINV-03-016,MAIN,3,16,P1,PARTIAL,SSA CSE Scheduling,S,DEVELOPMENT_INVENTORY_2026-10-09.md#L86,C04,RESEARCH,G04,IR or legality hypothesis requires real UT transformation and independent oracle; refer to inventory source line for original technical qualifications,DOC/HISTORICAL,"Await fresh code check, E-gate and explicit maintainer approval"
UTINV-03-017,MAIN,3,17,P1,NEW,Declarative Rewrite Rules,"D, E",DEVELOPMENT_INVENTORY_2026-10-09.md#L87,C04,RESEARCH,G04,IR or legality hypothesis requires real UT transformation and independent oracle; refer to inventory source line for original technical qualifications,DOC/HISTORICAL,"Await fresh code check, E-gate and explicit maintainer approval"
UTINV-03-018,MAIN,3,18,P1,NEW,Correctness-Gated SIMD,"I, E",DEVELOPMENT_INVENTORY_2026-10-09.md#L88,C10,DEFER,,Speculative scale/solver/AI/UI complexity requires new measured trigger; refer to inventory source line for original technical qualifications,DOC/HISTORICAL,"Await fresh code check, E-gate and explicit maintainer approval"
UTINV-03-019,MAIN,3,19,P2,PARTIAL,IR Policy Syntax,M,DEVELOPMENT_INVENTORY_2026-10-09.md#L89,C04,RESEARCH,G04,IR or legality hypothesis requires real UT transformation and independent oracle; refer to inventory source line for original technical qualifications,DOC/HISTORICAL,"Await fresh code check, E-gate and explicit maintainer approval"
UTINV-03-020,MAIN,3,20,P2,NEW,SSA-Native Backend,S,DEVELOPMENT_INVENTORY_2026-10-09.md#L90,C10,DEFER,,Speculative scale/solver/AI/UI complexity requires new measured trigger; refer to inventory source line for original technical qualifications,DOC/HISTORICAL,"Await fresh code check, E-gate and explicit maintainer approval"
UTINV-03-021,MAIN,3,21,P2,NEW,IR Region Feasibility,"B, E",DEVELOPMENT_INVENTORY_2026-10-09.md#L91,C04,RESEARCH,G05,IR or legality hypothesis requires real UT transformation and independent oracle; refer to inventory source line for original technical qualifications,DOC/HISTORICAL,"Await fresh code check, E-gate and explicit maintainer approval"
UTINV-03-022,MAIN,3,22,P3,NEW,E-Graph Optimization,"J, D",DEVELOPMENT_INVENTORY_2026-10-09.md#L92,C10,DEFER,,Speculative scale/solver/AI/UI complexity requires new measured trigger; refer to inventory source line for original technical qualifications,DOC/HISTORICAL,"Await fresh code check, E-gate and explicit maintainer approval"
UTINV-04-001,MAIN,4,1,P0,NEW,Grammar SDK,"L, P",DEVELOPMENT_INVENTORY_2026-10-09.md#L100,C05,PROTOTYPE,G06,External non-Wist author benefit must be demonstrated before SDK expansion; refer to inventory source line for original technical qualifications,DOC/HISTORICAL,"Await fresh code check, E-gate and explicit maintainer approval"
UTINV-04-002,MAIN,4,2,P0,NEW,Parser Generation,"L, G",DEVELOPMENT_INVENTORY_2026-10-09.md#L101,C05,PROTOTYPE,G06,External non-Wist author benefit must be demonstrated before SDK expansion; refer to inventory source line for original technical qualifications,DOC/HISTORICAL,"Await fresh code check, E-gate and explicit maintainer approval"
UTINV-04-003,MAIN,4,3,P0,NEW,Binder SDK,"L, P",DEVELOPMENT_INVENTORY_2026-10-09.md#L102,C05,PROTOTYPE,G06,External non-Wist author benefit must be demonstrated before SDK expansion; refer to inventory source line for original technical qualifications,DOC/HISTORICAL,"Await fresh code check, E-gate and explicit maintainer approval"
UTINV-04-004,MAIN,4,4,P0,NEW,Type System SDK,"L, K",DEVELOPMENT_INVENTORY_2026-10-09.md#L103,C05,PROTOTYPE,G06,External non-Wist author benefit must be demonstrated before SDK expansion; refer to inventory source line for original technical qualifications,DOC/HISTORICAL,"Await fresh code check, E-gate and explicit maintainer approval"
UTINV-04-005,MAIN,4,5,P1,NEW,Operation Definition SDK,"L, K",DEVELOPMENT_INVENTORY_2026-10-09.md#L104,C05,PROTOTYPE,G06,External non-Wist author benefit must be demonstrated before SDK expansion; refer to inventory source line for original technical qualifications,DOC/HISTORICAL,"Await fresh code check, E-gate and explicit maintainer approval"
UTINV-04-006,MAIN,4,6,P1,PARTIAL,Module Contracts,O,DEVELOPMENT_INVENTORY_2026-10-09.md#L105,C05,PROTOTYPE,G06,External non-Wist author benefit must be demonstrated before SDK expansion; refer to inventory source line for original technical qualifications,DOC/HISTORICAL,"Await fresh code check, E-gate and explicit maintainer approval"
UTINV-04-007,MAIN,4,7,P1,NEW,Grammar Conflict Analysis,O,DEVELOPMENT_INVENTORY_2026-10-09.md#L106,C05,PROTOTYPE,G06,External non-Wist author benefit must be demonstrated before SDK expansion; refer to inventory source line for original technical qualifications,DOC/HISTORICAL,"Await fresh code check, E-gate and explicit maintainer approval"
UTINV-04-008,MAIN,4,8,P1,PARTIAL,Canonical Semantic Nodes,C,DEVELOPMENT_INVENTORY_2026-10-09.md#L107,C05,PROTOTYPE,G06,External non-Wist author benefit must be demonstrated before SDK expansion; refer to inventory source line for original technical qualifications,DOC/HISTORICAL,"Await fresh code check, E-gate and explicit maintainer approval"
UTINV-04-009,MAIN,4,9,P1,NEW,Syntax Preservation,P,DEVELOPMENT_INVENTORY_2026-10-09.md#L108,C05,PROTOTYPE,G06,External non-Wist author benefit must be demonstrated before SDK expansion; refer to inventory source line for original technical qualifications,DOC/HISTORICAL,"Await fresh code check, E-gate and explicit maintainer approval"
UTINV-04-010,MAIN,4,10,P1,PARTIAL,Language Templates,"G, P",DEVELOPMENT_INVENTORY_2026-10-09.md#L109,C05,ALREADY_PARTIAL_CHARACTERIZE,G06,External non-Wist author benefit must be demonstrated before SDK expansion; refer to inventory source line for original technical qualifications,DOC/HISTORICAL,"Await fresh code check, E-gate and explicit maintainer approval"
UTINV-04-011,MAIN,4,11,P1,NEW,Language Family Templates,"B, P",DEVELOPMENT_INVENTORY_2026-10-09.md#L110,C05,PROTOTYPE,G06,External non-Wist author benefit must be demonstrated before SDK expansion; refer to inventory source line for original technical qualifications,DOC/HISTORICAL,"Await fresh code check, E-gate and explicit maintainer approval"
UTINV-04-012,MAIN,4,12,P1,NEW,Host Symbol Binding,P,DEVELOPMENT_INVENTORY_2026-10-09.md#L111,C05,PROTOTYPE,G06,External non-Wist author benefit must be demonstrated before SDK expansion; refer to inventory source line for original technical qualifications,DOC/HISTORICAL,"Await fresh code check, E-gate and explicit maintainer approval"
UTINV-04-013,MAIN,4,13,P1,NEW,Authoring Facade,K,DEVELOPMENT_INVENTORY_2026-10-09.md#L112,C05,PROTOTYPE,G06,External non-Wist author benefit must be demonstrated before SDK expansion; refer to inventory source line for original technical qualifications,DOC/HISTORICAL,"Await fresh code check, E-gate and explicit maintainer approval"
UTINV-04-014,MAIN,4,14,P2,NEW,Source Generators,"D, F",DEVELOPMENT_INVENTORY_2026-10-09.md#L113,C05,PROTOTYPE,G06,External non-Wist author benefit must be demonstrated before SDK expansion; refer to inventory source line for original technical qualifications,DOC/HISTORICAL,"Await fresh code check, E-gate and explicit maintainer approval"
UTINV-04-015,MAIN,4,15,P2,NEW,Generated Contract Tests,O,DEVELOPMENT_INVENTORY_2026-10-09.md#L114,C05,PROTOTYPE,G06,External non-Wist author benefit must be demonstrated before SDK expansion; refer to inventory source line for original technical qualifications,DOC/HISTORICAL,"Await fresh code check, E-gate and explicit maintainer approval"
UTINV-04-016,MAIN,4,16,P2,NEW,Cross-Language Composition Examples,"B, E",DEVELOPMENT_INVENTORY_2026-10-09.md#L115,C05,PROTOTYPE,G06,External non-Wist author benefit must be demonstrated before SDK expansion; refer to inventory source line for original technical qualifications,DOC/HISTORICAL,"Await fresh code check, E-gate and explicit maintainer approval"
UTINV-05-001,MAIN,5,1,P0,NEW,DocumentSnapshot,P,DEVELOPMENT_INVENTORY_2026-10-09.md#L123,C06,PROTOTYPE,G07,Shared diagnostics/tooling are conditional on authoritative binder and versioning; refer to inventory source line for original technical qualifications,DOC/HISTORICAL,"Await fresh code check, E-gate and explicit maintainer approval"
UTINV-05-002,MAIN,5,2,P0,NEW,Error-Tolerant Parsing,P,DEVELOPMENT_INVENTORY_2026-10-09.md#L124,C06,PROTOTYPE,G07,Shared diagnostics/tooling are conditional on authoritative binder and versioning; refer to inventory source line for original technical qualifications,DOC/HISTORICAL,"Await fresh code check, E-gate and explicit maintainer approval"
UTINV-05-003,MAIN,5,3,P1,NEW,Incremental Analysis,"P, E",DEVELOPMENT_INVENTORY_2026-10-09.md#L125,C06,PROTOTYPE,G07,Shared diagnostics/tooling are conditional on authoritative binder and versioning; refer to inventory source line for original technical qualifications,DOC/HISTORICAL,"Await fresh code check, E-gate and explicit maintainer approval"
UTINV-05-004,MAIN,5,4,P1,NEW,LSP Server,P,DEVELOPMENT_INVENTORY_2026-10-09.md#L126,C06,PROTOTYPE,G07,Shared diagnostics/tooling are conditional on authoritative binder and versioning; refer to inventory source line for original technical qualifications,DOC/HISTORICAL,"Await fresh code check, E-gate and explicit maintainer approval"
UTINV-05-005,MAIN,5,5,P1,NEW,Text Synchronization,"P, B",DEVELOPMENT_INVENTORY_2026-10-09.md#L127,C06,PROTOTYPE,G07,Shared diagnostics/tooling are conditional on authoritative binder and versioning; refer to inventory source line for original technical qualifications,DOC/HISTORICAL,"Await fresh code check, E-gate and explicit maintainer approval"
UTINV-05-006,MAIN,5,6,P1,PARTIAL,Live Diagnostics,"C, P",DEVELOPMENT_INVENTORY_2026-10-09.md#L128,C06,PROTOTYPE,G07,Shared diagnostics/tooling are conditional on authoritative binder and versioning; refer to inventory source line for original technical qualifications,DOC/HISTORICAL,"Await fresh code check, E-gate and explicit maintainer approval"
UTINV-05-007,MAIN,5,7,P1,NEW,Completion,P,DEVELOPMENT_INVENTORY_2026-10-09.md#L129,C06,PROTOTYPE,G07,Shared diagnostics/tooling are conditional on authoritative binder and versioning; refer to inventory source line for original technical qualifications,DOC/HISTORICAL,"Await fresh code check, E-gate and explicit maintainer approval"
UTINV-05-008,MAIN,5,8,P1,NEW,Hover,P,DEVELOPMENT_INVENTORY_2026-10-09.md#L130,C06,PROTOTYPE,G07,Shared diagnostics/tooling are conditional on authoritative binder and versioning; refer to inventory source line for original technical qualifications,DOC/HISTORICAL,"Await fresh code check, E-gate and explicit maintainer approval"
UTINV-05-009,MAIN,5,9,P1,NEW,Go to Definition,P,DEVELOPMENT_INVENTORY_2026-10-09.md#L131,C06,PROTOTYPE,G07,Shared diagnostics/tooling are conditional on authoritative binder and versioning; refer to inventory source line for original technical qualifications,DOC/HISTORICAL,"Await fresh code check, E-gate and explicit maintainer approval"
UTINV-05-010,MAIN,5,10,P2,NEW,References/Rename,P,DEVELOPMENT_INVENTORY_2026-10-09.md#L132,C06,PROTOTYPE,G07,Shared diagnostics/tooling are conditional on authoritative binder and versioning; refer to inventory source line for original technical qualifications,DOC/HISTORICAL,"Await fresh code check, E-gate and explicit maintainer approval"
UTINV-05-011,MAIN,5,11,P2,NEW,Editor Presentation,P,DEVELOPMENT_INVENTORY_2026-10-09.md#L133,C06,PROTOTYPE,G07,Shared diagnostics/tooling are conditional on authoritative binder and versioning; refer to inventory source line for original technical qualifications,DOC/HISTORICAL,"Await fresh code check, E-gate and explicit maintainer approval"
UTINV-05-012,MAIN,5,12,P2,NEW,Advanced Language Actions,P,DEVELOPMENT_INVENTORY_2026-10-09.md#L134,C06,PROTOTYPE,G07,Shared diagnostics/tooling are conditional on authoritative binder and versioning; refer to inventory source line for original technical qualifications,DOC/HISTORICAL,"Await fresh code check, E-gate and explicit maintainer approval"
UTINV-06-001,MAIN,6,1,P0,PARTIAL,Debug Trace v2,T,DEVELOPMENT_INVENTORY_2026-10-09.md#L142,C06,PROTOTYPE,G07,Shared diagnostics/tooling are conditional on authoritative binder and versioning; refer to inventory source line for original technical qualifications,DOC/HISTORICAL,"Await fresh code check, E-gate and explicit maintainer approval"
UTINV-06-002,MAIN,6,2,P1,NEW,Stage Artifacts,T,DEVELOPMENT_INVENTORY_2026-10-09.md#L143,C06,PROTOTYPE,G07,Shared diagnostics/tooling are conditional on authoritative binder and versioning; refer to inventory source line for original technical qualifications,DOC/HISTORICAL,"Await fresh code check, E-gate and explicit maintainer approval"
UTINV-06-003,MAIN,6,3,P1,PARTIAL,Failure Attribution,"T, C",DEVELOPMENT_INVENTORY_2026-10-09.md#L144,C06,PROTOTYPE,G07,Shared diagnostics/tooling are conditional on authoritative binder and versioning; refer to inventory source line for original technical qualifications,DOC/HISTORICAL,"Await fresh code check, E-gate and explicit maintainer approval"
UTINV-06-004,MAIN,6,4,P1,NEW,Partial Failure Trace,T,DEVELOPMENT_INVENTORY_2026-10-09.md#L145,C06,PROTOTYPE,G07,Shared diagnostics/tooling are conditional on authoritative binder and versioning; refer to inventory source line for original technical qualifications,DOC/HISTORICAL,"Await fresh code check, E-gate and explicit maintainer approval"
UTINV-06-005,MAIN,6,5,P1,NEW,Phase Timings,T,DEVELOPMENT_INVENTORY_2026-10-09.md#L146,C06,PROTOTYPE,G07,Shared diagnostics/tooling are conditional on authoritative binder and versioning; refer to inventory source line for original technical qualifications,DOC/HISTORICAL,"Await fresh code check, E-gate and explicit maintainer approval"
UTINV-06-006,MAIN,6,6,P1,NEW,Trace Viewer,T,DEVELOPMENT_INVENTORY_2026-10-09.md#L147,C06,PROTOTYPE,G07,Shared diagnostics/tooling are conditional on authoritative binder and versioning; refer to inventory source line for original technical qualifications,DOC/HISTORICAL,"Await fresh code check, E-gate and explicit maintainer approval"
UTINV-06-007,MAIN,6,7,P1,NEW,IR/DAG Viewer,"P, T",DEVELOPMENT_INVENTORY_2026-10-09.md#L148,C06,PROTOTYPE,G07,Shared diagnostics/tooling are conditional on authoritative binder and versioning; refer to inventory source line for original technical qualifications,DOC/HISTORICAL,"Await fresh code check, E-gate and explicit maintainer approval"
UTINV-06-008,MAIN,6,8,P1,NEW,Proof Explorer,"P, I",DEVELOPMENT_INVENTORY_2026-10-09.md#L149,C06,PROTOTYPE,G07,Shared diagnostics/tooling are conditional on authoritative binder and versioning; refer to inventory source line for original technical qualifications,DOC/HISTORICAL,"Await fresh code check, E-gate and explicit maintainer approval"
UTINV-06-009,MAIN,6,9,P1,NEW,Interpreter Debug Hooks,P,DEVELOPMENT_INVENTORY_2026-10-09.md#L150,C06,PROTOTYPE,G07,Shared diagnostics/tooling are conditional on authoritative binder and versioning; refer to inventory source line for original technical qualifications,DOC/HISTORICAL,"Await fresh code check, E-gate and explicit maintainer approval"
UTINV-06-010,MAIN,6,10,P1,NEW,DAP Adapter,P,DEVELOPMENT_INVENTORY_2026-10-09.md#L151,C06,PROTOTYPE,G07,Shared diagnostics/tooling are conditional on authoritative binder and versioning; refer to inventory source line for original technical qualifications,DOC/HISTORICAL,"Await fresh code check, E-gate and explicit maintainer approval"
UTINV-06-011,MAIN,6,11,P2,NEW,CIL Debug Mapping,P,DEVELOPMENT_INVENTORY_2026-10-09.md#L152,C06,PROTOTYPE,G07,Shared diagnostics/tooling are conditional on authoritative binder and versioning; refer to inventory source line for original technical qualifications,DOC/HISTORICAL,"Await fresh code check, E-gate and explicit maintainer approval"
UTINV-06-012,MAIN,6,12,P2,NEW,IR Diff Inspector,"P, D",DEVELOPMENT_INVENTORY_2026-10-09.md#L153,C06,PROTOTYPE,G07,Shared diagnostics/tooling are conditional on authoritative binder and versioning; refer to inventory source line for original technical qualifications,DOC/HISTORICAL,"Await fresh code check, E-gate and explicit maintainer approval"
UTINV-07-001,MAIN,7,1,P1,NEW,MCP Adapter,"K, D",DEVELOPMENT_INVENTORY_2026-10-09.md#L161,C10,DEFER,,Speculative scale/solver/AI/UI complexity requires new measured trigger; refer to inventory source line for original technical qualifications,DOC/HISTORICAL,"Await fresh code check, E-gate and explicit maintainer approval"
UTINV-07-002,MAIN,7,2,P1,NEW,Tool Schema Contracts,K,DEVELOPMENT_INVENTORY_2026-10-09.md#L162,C06,PROTOTYPE,G07,Shared diagnostics/tooling are conditional on authoritative binder and versioning; refer to inventory source line for original technical qualifications,DOC/HISTORICAL,"Await fresh code check, E-gate and explicit maintainer approval"
UTINV-07-003,MAIN,7,3,P1,NEW,QuerySymbols,K,DEVELOPMENT_INVENTORY_2026-10-09.md#L163,C06,PROTOTYPE,G07,Shared diagnostics/tooling are conditional on authoritative binder and versioning; refer to inventory source line for original technical qualifications,DOC/HISTORICAL,"Await fresh code check, E-gate and explicit maintainer approval"
UTINV-07-004,MAIN,7,4,P1,NEW,QuerySemanticFacts,"K, I",DEVELOPMENT_INVENTORY_2026-10-09.md#L164,C06,PROTOTYPE,G07,Shared diagnostics/tooling are conditional on authoritative binder and versioning; refer to inventory source line for original technical qualifications,DOC/HISTORICAL,"Await fresh code check, E-gate and explicit maintainer approval"
UTINV-07-005,MAIN,7,5,P1,NEW,ExplainDiagnostic,K,DEVELOPMENT_INVENTORY_2026-10-09.md#L165,C06,PROTOTYPE,G07,Shared diagnostics/tooling are conditional on authoritative binder and versioning; refer to inventory source line for original technical qualifications,DOC/HISTORICAL,"Await fresh code check, E-gate and explicit maintainer approval"
UTINV-07-006,MAIN,7,6,P1,NEW,ExplainPlan,D,DEVELOPMENT_INVENTORY_2026-10-09.md#L166,C06,PROTOTYPE,G07,Shared diagnostics/tooling are conditional on authoritative binder and versioning; refer to inventory source line for original technical qualifications,DOC/HISTORICAL,"Await fresh code check, E-gate and explicit maintainer approval"
UTINV-07-007,MAIN,7,7,P1,NEW,WhyNot,"D, P",DEVELOPMENT_INVENTORY_2026-10-09.md#L167,C06,PROTOTYPE,G07,Shared diagnostics/tooling are conditional on authoritative binder and versioning; refer to inventory source line for original technical qualifications,DOC/HISTORICAL,"Await fresh code check, E-gate and explicit maintainer approval"
UTINV-07-008,MAIN,7,8,P1,NEW,PreviewEdit,"K, P",DEVELOPMENT_INVENTORY_2026-10-09.md#L168,C06,PROTOTYPE,G07,Shared diagnostics/tooling are conditional on authoritative binder and versioning; refer to inventory source line for original technical qualifications,DOC/HISTORICAL,"Await fresh code check, E-gate and explicit maintainer approval"
UTINV-07-009,MAIN,7,9,P1,NEW,ValidatePatch,K,DEVELOPMENT_INVENTORY_2026-10-09.md#L169,C06,PROTOTYPE,G07,Shared diagnostics/tooling are conditional on authoritative binder and versioning; refer to inventory source line for original technical qualifications,DOC/HISTORICAL,"Await fresh code check, E-gate and explicit maintainer approval"
UTINV-07-010,MAIN,7,10,P1,NEW,ApplyApprovedEdit,"K, P",DEVELOPMENT_INVENTORY_2026-10-09.md#L170,C06,PROTOTYPE,G07,Shared diagnostics/tooling are conditional on authoritative binder and versioning; refer to inventory source line for original technical qualifications,DOC/HISTORICAL,"Await fresh code check, E-gate and explicit maintainer approval"
UTINV-07-011,MAIN,7,11,P1,NEW,Agent Trust Boundaries,"K, I",DEVELOPMENT_INVENTORY_2026-10-09.md#L171,C03,RESEARCH,G03,Exact provenance and fail-closed trust require adversarial E7 controls; refer to inventory source line for original technical qualifications,DOC/HISTORICAL,"Await fresh code check, E-gate and explicit maintainer approval"
UTINV-07-012,MAIN,7,12,P2,NEW,Read-Only Agent Inspection,D,DEVELOPMENT_INVENTORY_2026-10-09.md#L172,C06,PROTOTYPE,G07,Shared diagnostics/tooling are conditional on authoritative binder and versioning; refer to inventory source line for original technical qualifications,DOC/HISTORICAL,"Await fresh code check, E-gate and explicit maintainer approval"
UTINV-07-013,MAIN,7,13,P2,NEW,Agent Refactoring Evaluation,P,DEVELOPMENT_INVENTORY_2026-10-09.md#L173,C06,PROTOTYPE,G07,Shared diagnostics/tooling are conditional on authoritative binder and versioning; refer to inventory source line for original technical qualifications,DOC/HISTORICAL,"Await fresh code check, E-gate and explicit maintainer approval"
UTINV-07-014,MAIN,7,14,P3,EXPERIMENTAL,Independent Agent Oracles,"E, J",DEVELOPMENT_INVENTORY_2026-10-09.md#L174,C06,PROTOTYPE,G07,Shared diagnostics/tooling are conditional on authoritative binder and versioning; refer to inventory source line for original technical qualifications,DOC/HISTORICAL,"Await fresh code check, E-gate and explicit maintainer approval"
UTINV-08-001,MAIN,8,1,P1,PARTIAL,Wist CLI,Q,DEVELOPMENT_INVENTORY_2026-10-09.md#L182,C06,ALREADY_PARTIAL_CHARACTERIZE,G07,Shared diagnostics/tooling are conditional on authoritative binder and versioning; refer to inventory source line for original technical qualifications,DOC/HISTORICAL,"Await fresh code check, E-gate and explicit maintainer approval"
UTINV-08-002,MAIN,8,2,P1,NEW,Generic UT CLI,"G, P",DEVELOPMENT_INVENTORY_2026-10-09.md#L183,C06,PROTOTYPE,G07,Shared diagnostics/tooling are conditional on authoritative binder and versioning; refer to inventory source line for original technical qualifications,DOC/HISTORICAL,"Await fresh code check, E-gate and explicit maintainer approval"
UTINV-08-003,MAIN,8,3,P1,PARTIAL,InspectPlan,"C, D",DEVELOPMENT_INVENTORY_2026-10-09.md#L184,C06,ALREADY_PARTIAL_CHARACTERIZE,G07,Shared diagnostics/tooling are conditional on authoritative binder and versioning; refer to inventory source line for original technical qualifications,DOC/HISTORICAL,"Await fresh code check, E-gate and explicit maintainer approval"
UTINV-08-004,MAIN,8,4,P1,NEW,ExplainFailure CLI,"D, F",DEVELOPMENT_INVENTORY_2026-10-09.md#L185,C06,PROTOTYPE,G07,Shared diagnostics/tooling are conditional on authoritative binder and versioning; refer to inventory source line for original technical qualifications,DOC/HISTORICAL,"Await fresh code check, E-gate and explicit maintainer approval"
UTINV-08-005,MAIN,8,5,P1,PARTIAL,Trace CLI,"Q, T",DEVELOPMENT_INVENTORY_2026-10-09.md#L186,C06,PROTOTYPE,G07,Shared diagnostics/tooling are conditional on authoritative binder and versioning; refer to inventory source line for original technical qualifications,DOC/HISTORICAL,"Await fresh code check, E-gate and explicit maintainer approval"
UTINV-08-006,MAIN,8,6,P1,NEW,JSON Diagnostics CLI,"P, K",DEVELOPMENT_INVENTORY_2026-10-09.md#L187,C06,PROTOTYPE,G07,Shared diagnostics/tooling are conditional on authoritative binder and versioning; refer to inventory source line for original technical qualifications,DOC/HISTORICAL,"Await fresh code check, E-gate and explicit maintainer approval"
UTINV-08-007,MAIN,8,7,P1,NEW,Language Validation CLI,"P, O",DEVELOPMENT_INVENTORY_2026-10-09.md#L188,C06,PROTOTYPE,G07,Shared diagnostics/tooling are conditional on authoritative binder and versioning; refer to inventory source line for original technical qualifications,DOC/HISTORICAL,"Await fresh code check, E-gate and explicit maintainer approval"
UTINV-08-008,MAIN,8,8,P1,NEW,Browser DSL Editor,P,DEVELOPMENT_INVENTORY_2026-10-09.md#L189,C06,PROTOTYPE,G07,Shared diagnostics/tooling are conditional on authoritative binder and versioning; refer to inventory source line for original technical qualifications,DOC/HISTORICAL,"Await fresh code check, E-gate and explicit maintainer approval"
UTINV-08-009,MAIN,8,9,P1,NEW,Preview Playground,P,DEVELOPMENT_INVENTORY_2026-10-09.md#L190,C06,PROTOTYPE,G07,Shared diagnostics/tooling are conditional on authoritative binder and versioning; refer to inventory source line for original technical qualifications,DOC/HISTORICAL,"Await fresh code check, E-gate and explicit maintainer approval"
UTINV-08-010,MAIN,8,10,P1,NEW,Semantic Diff UI,P,DEVELOPMENT_INVENTORY_2026-10-09.md#L191,C06,PROTOTYPE,G07,Shared diagnostics/tooling are conditional on authoritative binder and versioning; refer to inventory source line for original technical qualifications,DOC/HISTORICAL,"Await fresh code check, E-gate and explicit maintainer approval"
UTINV-08-011,MAIN,8,11,P2,NEW,Forms/Table Editing,P,DEVELOPMENT_INVENTORY_2026-10-09.md#L192,C06,PROTOTYPE,G07,Shared diagnostics/tooling are conditional on authoritative binder and versioning; refer to inventory source line for original technical qualifications,DOC/HISTORICAL,"Await fresh code check, E-gate and explicit maintainer approval"
UTINV-08-012,MAIN,8,12,P2,NEW,Graph Editing,P,DEVELOPMENT_INVENTORY_2026-10-09.md#L193,C06,PROTOTYPE,G07,Shared diagnostics/tooling are conditional on authoritative binder and versioning; refer to inventory source line for original technical qualifications,DOC/HISTORICAL,"Await fresh code check, E-gate and explicit maintainer approval"
UTINV-08-013,MAIN,8,13,P2,NEW,Optimization Explorer,"P, D",DEVELOPMENT_INVENTORY_2026-10-09.md#L194,C06,PROTOTYPE,G07,Shared diagnostics/tooling are conditional on authoritative binder and versioning; refer to inventory source line for original technical qualifications,DOC/HISTORICAL,"Await fresh code check, E-gate and explicit maintainer approval"
UTINV-09-001,MAIN,9,1,P0,PARTIAL,Backend Contract Coverage,L,DEVELOPMENT_INVENTORY_2026-10-09.md#L202,C07,MEASURE,G08,Backend/specialization investment requires separated cost measurements; refer to inventory source line for original technical qualifications,DOC/HISTORICAL,"Await fresh code check, E-gate and explicit maintainer approval"
UTINV-09-002,MAIN,9,2,P0,PARTIAL,Interpreter/CIL Parity,"C, E",DEVELOPMENT_INVENTORY_2026-10-09.md#L203,C07,ALREADY_PARTIAL_CHARACTERIZE,G08,Backend/specialization investment requires separated cost measurements; refer to inventory source line for original technical qualifications,DOC/HISTORICAL,"Await fresh code check, E-gate and explicit maintainer approval"
UTINV-09-003,MAIN,9,3,P1,PARTIAL,Callable Lowering Targets,M,DEVELOPMENT_INVENTORY_2026-10-09.md#L204,C07,MEASURE,G08,Backend/specialization investment requires separated cost measurements; refer to inventory source line for original technical qualifications,DOC/HISTORICAL,"Await fresh code check, E-gate and explicit maintainer approval"
UTINV-09-004,MAIN,9,4,P1,PARTIAL,Backend Capability Enforcement,"M, X",DEVELOPMENT_INVENTORY_2026-10-09.md#L205,C07,MEASURE,G08,Backend/specialization investment requires separated cost measurements; refer to inventory source line for original technical qualifications,DOC/HISTORICAL,"Await fresh code check, E-gate and explicit maintainer approval"
UTINV-09-005,MAIN,9,5,P1,NEW,Selected-Route Specialization,"E, B",DEVELOPMENT_INVENTORY_2026-10-09.md#L206,C07,MEASURE,G08,Backend/specialization investment requires separated cost measurements; refer to inventory source line for original technical qualifications,DOC/HISTORICAL,"Await fresh code check, E-gate and explicit maintainer approval"
UTINV-09-006,MAIN,9,6,P1,NEW,Hot-Path Binding,B,DEVELOPMENT_INVENTORY_2026-10-09.md#L207,C07,MEASURE,G08,Backend/specialization investment requires separated cost measurements; refer to inventory source line for original technical qualifications,DOC/HISTORICAL,"Await fresh code check, E-gate and explicit maintainer approval"
UTINV-09-007,MAIN,9,7,P1,PARTIAL,Compilation Cost Modeling,"R, E",DEVELOPMENT_INVENTORY_2026-10-09.md#L208,C07,MEASURE,G08,Backend/specialization investment requires separated cost measurements; refer to inventory source line for original technical qualifications,DOC/HISTORICAL,"Await fresh code check, E-gate and explicit maintainer approval"
UTINV-09-008,MAIN,9,8,P1,PARTIAL,Performance Workloads,R,DEVELOPMENT_INVENTORY_2026-10-09.md#L209,C07,MEASURE,G08,Backend/specialization investment requires separated cost measurements; refer to inventory source line for original technical qualifications,DOC/HISTORICAL,"Await fresh code check, E-gate and explicit maintainer approval"
UTINV-09-009,MAIN,9,9,P1,NEW,Allocation Profiling,E,DEVELOPMENT_INVENTORY_2026-10-09.md#L210,C07,MEASURE,G08,Backend/specialization investment requires separated cost measurements; refer to inventory source line for original technical qualifications,DOC/HISTORICAL,"Await fresh code check, E-gate and explicit maintainer approval"
UTINV-09-010,MAIN,9,10,P1,NEW,Invalidation Cost Benchmark,E,DEVELOPMENT_INVENTORY_2026-10-09.md#L211,C07,MEASURE,G08,Backend/specialization investment requires separated cost measurements; refer to inventory source line for original technical qualifications,DOC/HISTORICAL,"Await fresh code check, E-gate and explicit maintainer approval"
UTINV-09-011,MAIN,9,11,P2,NEW,Advanced Optimizing Backend,Y,DEVELOPMENT_INVENTORY_2026-10-09.md#L212,C07,MEASURE,G08,Backend/specialization investment requires separated cost measurements; refer to inventory source line for original technical qualifications,DOC/HISTORICAL,"Await fresh code check, E-gate and explicit maintainer approval"
UTINV-09-012,MAIN,9,12,P2,NEW,NativeAOT/Trimming Experiments,F,DEVELOPMENT_INVENTORY_2026-10-09.md#L213,C07,MEASURE,G08,Backend/specialization investment requires separated cost measurements; refer to inventory source line for original technical qualifications,DOC/HISTORICAL,"Await fresh code check, E-gate and explicit maintainer approval"
UTINV-09-013,MAIN,9,13,P2,NEW,Configuration Churn Benchmarks,E,DEVELOPMENT_INVENTORY_2026-10-09.md#L214,C07,MEASURE,G08,Backend/specialization investment requires separated cost measurements; refer to inventory source line for original technical qualifications,DOC/HISTORICAL,"Await fresh code check, E-gate and explicit maintainer approval"
UTINV-09-014,MAIN,9,14,P2,NEW,Bounded Execution Isolation,"U, F",DEVELOPMENT_INVENTORY_2026-10-09.md#L215,C07,MEASURE,G08,Backend/specialization investment requires separated cost measurements; refer to inventory source line for original technical qualifications,DOC/HISTORICAL,"Await fresh code check, E-gate and explicit maintainer approval"
UTINV-09-015,MAIN,9,15,P3,UNKNOWN,Automatic Execution Tiering,Y,DEVELOPMENT_INVENTORY_2026-10-09.md#L216,C07,DEFER,G08,Backend/specialization investment requires separated cost measurements; refer to inventory source line for original technical qualifications,DOC/HISTORICAL,"Await fresh code check, E-gate and explicit maintainer approval"
UTINV-10-001,MAIN,10,1,P0,EXPERIMENTAL,Independent Semantic Oracles,E,DEVELOPMENT_INVENTORY_2026-10-09.md#L224,C08,CHARACTERIZE_AND_EXTEND,G01,Negative oracles and mutation-sensitive verification precede correctness claims; refer to inventory source line for original technical qualifications,DOC/HISTORICAL,"Await fresh code check, E-gate and explicit maintainer approval"
UTINV-10-002,MAIN,10,2,P0,NEW,Real Bounds-Elimination Test,"B, E",DEVELOPMENT_INVENTORY_2026-10-09.md#L225,C08,RESEARCH,G02,Negative oracles and mutation-sensitive verification precede correctness claims; refer to inventory source line for original technical qualifications,DOC/HISTORICAL,"Await fresh code check, E-gate and explicit maintainer approval"
UTINV-10-003,MAIN,10,3,P0,NEW,N+1 Composition Test,E,DEVELOPMENT_INVENTORY_2026-10-09.md#L226,C08,RESEARCH,G02,Negative oracles and mutation-sensitive verification precede correctness claims; refer to inventory source line for original technical qualifications,DOC/HISTORICAL,"Await fresh code check, E-gate and explicit maintainer approval"
UTINV-10-004,MAIN,10,4,P0,NEW,Evidence Mutation Tests,"B, E",DEVELOPMENT_INVENTORY_2026-10-09.md#L227,C08,RESEARCH,G03,Negative oracles and mutation-sensitive verification precede correctness claims; refer to inventory source line for original technical qualifications,DOC/HISTORICAL,"Await fresh code check, E-gate and explicit maintainer approval"
UTINV-10-005,MAIN,10,5,P0,NEW,Cross-IR Negative Tests,E,DEVELOPMENT_INVENTORY_2026-10-09.md#L228,C08,RESEARCH,G04,Negative oracles and mutation-sensitive verification precede correctness claims; refer to inventory source line for original technical qualifications,DOC/HISTORICAL,"Await fresh code check, E-gate and explicit maintainer approval"
UTINV-10-006,MAIN,10,6,P0,PARTIAL,Module Contract Verification,"O, C",DEVELOPMENT_INVENTORY_2026-10-09.md#L229,C08,RESEARCH,G01,Negative oracles and mutation-sensitive verification precede correctness claims; refer to inventory source line for original technical qualifications,DOC/HISTORICAL,"Await fresh code check, E-gate and explicit maintainer approval"
UTINV-10-007,MAIN,10,7,P1,PARTIAL,PlanFuzz Lifecycle Schedules,H,DEVELOPMENT_INVENTORY_2026-10-09.md#L230,C08,RESEARCH,G01,Negative oracles and mutation-sensitive verification precede correctness claims; refer to inventory source line for original technical qualifications,DOC/HISTORICAL,"Await fresh code check, E-gate and explicit maintainer approval"
UTINV-10-008,MAIN,10,8,P1,PARTIAL,PlanFuzz Fault Operators,H,DEVELOPMENT_INVENTORY_2026-10-09.md#L231,C08,RESEARCH,G01,Negative oracles and mutation-sensitive verification precede correctness claims; refer to inventory source line for original technical qualifications,DOC/HISTORICAL,"Await fresh code check, E-gate and explicit maintainer approval"
UTINV-10-009,MAIN,10,9,P1,NEW,PlanFuzz Comparative Study,"F, H",DEVELOPMENT_INVENTORY_2026-10-09.md#L232,C08,RESEARCH,G01,Negative oracles and mutation-sensitive verification precede correctness claims; refer to inventory source line for original technical qualifications,DOC/HISTORICAL,"Await fresh code check, E-gate and explicit maintainer approval"
UTINV-10-010,MAIN,10,10,P1,PARTIAL,Independent External Adapter,H,DEVELOPMENT_INVENTORY_2026-10-09.md#L233,C08,RESEARCH,G01,Negative oracles and mutation-sensitive verification precede correctness claims; refer to inventory source line for original technical qualifications,DOC/HISTORICAL,"Await fresh code check, E-gate and explicit maintainer approval"
UTINV-10-011,MAIN,10,11,P1,NEW,Property-Based Semantic Tests,"O, E",DEVELOPMENT_INVENTORY_2026-10-09.md#L234,C08,RESEARCH,G01,Negative oracles and mutation-sensitive verification precede correctness claims; refer to inventory source line for original technical qualifications,DOC/HISTORICAL,"Await fresh code check, E-gate and explicit maintainer approval"
UTINV-10-012,MAIN,10,12,P1,PARTIAL,Differential Backend Testing,"S, H",DEVELOPMENT_INVENTORY_2026-10-09.md#L235,C08,RESEARCH,G01,Negative oracles and mutation-sensitive verification precede correctness claims; refer to inventory source line for original technical qualifications,DOC/HISTORICAL,"Await fresh code check, E-gate and explicit maintainer approval"
UTINV-10-013,MAIN,10,13,P1,NEW,Transformation Negative Corpus,E,DEVELOPMENT_INVENTORY_2026-10-09.md#L236,C08,RESEARCH,G01,Negative oracles and mutation-sensitive verification precede correctness claims; refer to inventory source line for original technical qualifications,DOC/HISTORICAL,"Await fresh code check, E-gate and explicit maintainer approval"
UTINV-10-014,MAIN,10,14,P1,NEW,Language Authoring Holdouts,B,DEVELOPMENT_INVENTORY_2026-10-09.md#L237,C08,RESEARCH,G01,Negative oracles and mutation-sensitive verification precede correctness claims; refer to inventory source line for original technical qualifications,DOC/HISTORICAL,"Await fresh code check, E-gate and explicit maintainer approval"
UTINV-10-015,MAIN,10,15,P1,NEW,Editor Revision Tests,"B, P",DEVELOPMENT_INVENTORY_2026-10-09.md#L238,C08,RESEARCH,G01,Negative oracles and mutation-sensitive verification precede correctness claims; refer to inventory source line for original technical qualifications,DOC/HISTORICAL,"Await fresh code check, E-gate and explicit maintainer approval"
UTINV-10-016,MAIN,10,16,P1,NEW,Agent Mutation Tests,"K, P",DEVELOPMENT_INVENTORY_2026-10-09.md#L239,C08,RESEARCH,G01,Negative oracles and mutation-sensitive verification precede correctness claims; refer to inventory source line for original technical qualifications,DOC/HISTORICAL,"Await fresh code check, E-gate and explicit maintainer approval"
UTINV-10-017,MAIN,10,17,P2,PARTIAL,Contract-Derived Testing,"V, O",DEVELOPMENT_INVENTORY_2026-10-09.md#L240,C08,RESEARCH,G01,Negative oracles and mutation-sensitive verification precede correctness claims; refer to inventory source line for original technical qualifications,DOC/HISTORICAL,"Await fresh code check, E-gate and explicit maintainer approval"
UTINV-11-001,MAIN,11,1,P0,PARTIAL,Executable Provenance,"I, U",DEVELOPMENT_INVENTORY_2026-10-09.md#L248,C03,RESEARCH,G03,Exact provenance and fail-closed trust require adversarial E7 controls; refer to inventory source line for original technical qualifications,DOC/HISTORICAL,"Await fresh code check, E-gate and explicit maintainer approval"
UTINV-11-002,MAIN,11,2,P0,NEW,Proof Trust Enforcement,"E, K",DEVELOPMENT_INVENTORY_2026-10-09.md#L249,C03,RESEARCH,G03,Exact provenance and fail-closed trust require adversarial E7 controls; refer to inventory source line for original technical qualifications,DOC/HISTORICAL,"Await fresh code check, E-gate and explicit maintainer approval"
UTINV-11-003,MAIN,11,3,P0,NEW,Strict Evidence Revocation,I,DEVELOPMENT_INVENTORY_2026-10-09.md#L250,C03,RESEARCH,G03,Exact provenance and fail-closed trust require adversarial E7 controls; refer to inventory source line for original technical qualifications,DOC/HISTORICAL,"Await fresh code check, E-gate and explicit maintainer approval"
UTINV-11-004,MAIN,11,4,P1,PARTIAL,Runtime Reentrancy Contracts,"F, G",DEVELOPMENT_INVENTORY_2026-10-09.md#L251,C03,RESEARCH,G03,Exact provenance and fail-closed trust require adversarial E7 controls; refer to inventory source line for original technical qualifications,DOC/HISTORICAL,"Await fresh code check, E-gate and explicit maintainer approval"
UTINV-11-005,MAIN,11,5,P1,PARTIAL,Determinism Testing,"C, H",DEVELOPMENT_INVENTORY_2026-10-09.md#L252,C03,RESEARCH,G03,Exact provenance and fail-closed trust require adversarial E7 controls; refer to inventory source line for original technical qualifications,DOC/HISTORICAL,"Await fresh code check, E-gate and explicit maintainer approval"
UTINV-11-006,MAIN,11,6,P1,PARTIAL,Diagnostic Redaction,"U, T",DEVELOPMENT_INVENTORY_2026-10-09.md#L253,C03,RESEARCH,G03,Exact provenance and fail-closed trust require adversarial E7 controls; refer to inventory source line for original technical qualifications,DOC/HISTORICAL,"Await fresh code check, E-gate and explicit maintainer approval"
UTINV-11-007,MAIN,11,7,P1,NEW,Resource Quotas,U,DEVELOPMENT_INVENTORY_2026-10-09.md#L254,C03,RESEARCH,G03,Exact provenance and fail-closed trust require adversarial E7 controls; refer to inventory source line for original technical qualifications,DOC/HISTORICAL,"Await fresh code check, E-gate and explicit maintainer approval"
UTINV-11-008,MAIN,11,8,P1,NEW,Policy Edit Authorization,P,DEVELOPMENT_INVENTORY_2026-10-09.md#L255,C03,RESEARCH,G03,Exact provenance and fail-closed trust require adversarial E7 controls; refer to inventory source line for original technical qualifications,DOC/HISTORICAL,"Await fresh code check, E-gate and explicit maintainer approval"
UTINV-11-009,MAIN,11,9,P1,NEW,Snapshot Concurrency Control,P,DEVELOPMENT_INVENTORY_2026-10-09.md#L256,C03,RESEARCH,G03,Exact provenance and fail-closed trust require adversarial E7 controls; refer to inventory source line for original technical qualifications,DOC/HISTORICAL,"Await fresh code check, E-gate and explicit maintainer approval"
UTINV-11-010,MAIN,11,10,P2,NEW,Out-of-Process Plugin Isolation,"F, U",DEVELOPMENT_INVENTORY_2026-10-09.md#L257,C10,DEFER,,Speculative scale/solver/AI/UI complexity requires new measured trigger; refer to inventory source line for original technical qualifications,DOC/HISTORICAL,"Await fresh code check, E-gate and explicit maintainer approval"
UTINV-11-011,MAIN,11,11,P2,NEW,Signed Extension Policy,F,DEVELOPMENT_INVENTORY_2026-10-09.md#L258,C03,RESEARCH,G03,Exact provenance and fail-closed trust require adversarial E7 controls; refer to inventory source line for original technical qualifications,DOC/HISTORICAL,"Await fresh code check, E-gate and explicit maintainer approval"
UTINV-11-012,MAIN,11,12,P2,PARTIAL,Reproducible Rollback,"W, P",DEVELOPMENT_INVENTORY_2026-10-09.md#L259,C03,RESEARCH,G03,Exact provenance and fail-closed trust require adversarial E7 controls; refer to inventory source line for original technical qualifications,DOC/HISTORICAL,"Await fresh code check, E-gate and explicit maintainer approval"
UTINV-12-001,MAIN,12,1,P0,PARTIAL,API Compatibility Baseline,"L, W",DEVELOPMENT_INVENTORY_2026-10-09.md#L267,C09,CHARACTERIZE,G10,"Compatibility, maintainer release and artifact identity require exact SHA evidence; refer to inventory source line for original technical qualifications",DOC/HISTORICAL,"Await fresh code check, E-gate and explicit maintainer approval"
UTINV-12-002,MAIN,12,2,P1,PARTIAL,Builder Ergonomics,"G, K",DEVELOPMENT_INVENTORY_2026-10-09.md#L268,C09,CHARACTERIZE,G10,"Compatibility, maintainer release and artifact identity require exact SHA evidence; refer to inventory source line for original technical qualifications",DOC/HISTORICAL,"Await fresh code check, E-gate and explicit maintainer approval"
UTINV-12-003,MAIN,12,3,P1,NEW,Generated API Reference,L,DEVELOPMENT_INVENTORY_2026-10-09.md#L269,C09,CHARACTERIZE,G10,"Compatibility, maintainer release and artifact identity require exact SHA evidence; refer to inventory source line for original technical qualifications",DOC/HISTORICAL,"Await fresh code check, E-gate and explicit maintainer approval"
UTINV-12-004,MAIN,12,4,P1,PARTIAL,NuGet Publication,"C, G",DEVELOPMENT_INVENTORY_2026-10-09.md#L270,C09,CHARACTERIZE,G10,"Compatibility, maintainer release and artifact identity require exact SHA evidence; refer to inventory source line for original technical qualifications",DOC/HISTORICAL,"Await fresh code check, E-gate and explicit maintainer approval"
UTINV-12-005,MAIN,12,5,P1,PARTIAL,Package Migration Tooling,W,DEVELOPMENT_INVENTORY_2026-10-09.md#L271,C09,CHARACTERIZE,G10,"Compatibility, maintainer release and artifact identity require exact SHA evidence; refer to inventory source line for original technical qualifications",DOC/HISTORICAL,"Await fresh code check, E-gate and explicit maintainer approval"
UTINV-12-006,MAIN,12,6,P1,PARTIAL,Version Compatibility Tests,W,DEVELOPMENT_INVENTORY_2026-10-09.md#L272,C09,CHARACTERIZE,G10,"Compatibility, maintainer release and artifact identity require exact SHA evidence; refer to inventory source line for original technical qualifications",DOC/HISTORICAL,"Await fresh code check, E-gate and explicit maintainer approval"
UTINV-12-007,MAIN,12,7,P1,PARTIAL,External Author Quickstart,G,DEVELOPMENT_INVENTORY_2026-10-09.md#L273,C09,CHARACTERIZE,G10,"Compatibility, maintainer release and artifact identity require exact SHA evidence; refer to inventory source line for original technical qualifications",DOC/HISTORICAL,"Await fresh code check, E-gate and explicit maintainer approval"
UTINV-12-008,MAIN,12,8,P1,PARTIAL,Language Templates,G,DEVELOPMENT_INVENTORY_2026-10-09.md#L274,C09,ALREADY_PARTIAL_CHARACTERIZE,G10,"Compatibility, maintainer release and artifact identity require exact SHA evidence; refer to inventory source line for original technical qualifications",DOC/HISTORICAL,"Await fresh code check, E-gate and explicit maintainer approval"
UTINV-12-009,MAIN,12,9,P1,NEW,Source Generator Evaluation,"B, F",DEVELOPMENT_INVENTORY_2026-10-09.md#L275,C09,CHARACTERIZE,G10,"Compatibility, maintainer release and artifact identity require exact SHA evidence; refer to inventory source line for original technical qualifications",DOC/HISTORICAL,"Await fresh code check, E-gate and explicit maintainer approval"
UTINV-12-010,MAIN,12,10,P1,PARTIAL,Clean Consumer Verification,"G, W",DEVELOPMENT_INVENTORY_2026-10-09.md#L276,C09,CHARACTERIZE,G10,"Compatibility, maintainer release and artifact identity require exact SHA evidence; refer to inventory source line for original technical qualifications",DOC/HISTORICAL,"Await fresh code check, E-gate and explicit maintainer approval"
UTINV-12-011,MAIN,12,11,P1,PARTIAL,Testing Helpers,G,DEVELOPMENT_INVENTORY_2026-10-09.md#L277,C09,CHARACTERIZE,G10,"Compatibility, maintainer release and artifact identity require exact SHA evidence; refer to inventory source line for original technical qualifications",DOC/HISTORICAL,"Await fresh code check, E-gate and explicit maintainer approval"
UTINV-12-012,MAIN,12,12,P2,NEW,Contributor Cookbook,"P, G",DEVELOPMENT_INVENTORY_2026-10-09.md#L278,C09,CHARACTERIZE,G10,"Compatibility, maintainer release and artifact identity require exact SHA evidence; refer to inventory source line for original technical qualifications",DOC/HISTORICAL,"Await fresh code check, E-gate and explicit maintainer approval"
UTINV-12-013,MAIN,12,13,P2,PARTIAL,Migration Diagnostics,W,DEVELOPMENT_INVENTORY_2026-10-09.md#L279,C09,CHARACTERIZE,G10,"Compatibility, maintainer release and artifact identity require exact SHA evidence; refer to inventory source line for original technical qualifications",DOC/HISTORICAL,"Await fresh code check, E-gate and explicit maintainer approval"
UTINV-12-014,MAIN,12,14,P2,NEW,External IDE Integration Samples,P,DEVELOPMENT_INVENTORY_2026-10-09.md#L280,C09,CHARACTERIZE,G10,"Compatibility, maintainer release and artifact identity require exact SHA evidence; refer to inventory source line for original technical qualifications",DOC/HISTORICAL,"Await fresh code check, E-gate and explicit maintainer approval"
UTINV-13-001,MAIN,13,1,P1,EXPERIMENTAL,Policy/Pricing DSL,"P, J",DEVELOPMENT_INVENTORY_2026-10-09.md#L288,C05,PROTOTYPE,G06,External non-Wist author benefit must be demonstrated before SDK expansion; refer to inventory source line for original technical qualifications,DOC/HISTORICAL,"Await fresh code check, E-gate and explicit maintainer approval"
UTINV-13-002,MAIN,13,2,P1,NEW,Restricted Rules Runtime,P,DEVELOPMENT_INVENTORY_2026-10-09.md#L289,C05,PROTOTYPE,G06,External non-Wist author benefit must be demonstrated before SDK expansion; refer to inventory source line for original technical qualifications,DOC/HISTORICAL,"Await fresh code check, E-gate and explicit maintainer approval"
UTINV-13-003,MAIN,13,3,P1,NEW,Versioned Rule Documents,P,DEVELOPMENT_INVENTORY_2026-10-09.md#L290,C05,PROTOTYPE,G06,External non-Wist author benefit must be demonstrated before SDK expansion; refer to inventory source line for original technical qualifications,DOC/HISTORICAL,"Await fresh code check, E-gate and explicit maintainer approval"
UTINV-13-004,MAIN,13,4,P1,NEW,End-User Rule Workflow,P,DEVELOPMENT_INVENTORY_2026-10-09.md#L291,C05,PROTOTYPE,G06,External non-Wist author benefit must be demonstrated before SDK expansion; refer to inventory source line for original technical qualifications,DOC/HISTORICAL,"Await fresh code check, E-gate and explicit maintainer approval"
UTINV-13-005,MAIN,13,5,P1,NEW,Language Author Journey,P,DEVELOPMENT_INVENTORY_2026-10-09.md#L292,C05,PROTOTYPE,G06,External non-Wist author benefit must be demonstrated before SDK expansion; refer to inventory source line for original technical qualifications,DOC/HISTORICAL,"Await fresh code check, E-gate and explicit maintainer approval"
UTINV-13-006,MAIN,13,6,P1,NEW,Second Language Family,B,DEVELOPMENT_INVENTORY_2026-10-09.md#L293,C05,PROTOTYPE,G06,External non-Wist author benefit must be demonstrated before SDK expansion; refer to inventory source line for original technical qualifications,DOC/HISTORICAL,"Await fresh code check, E-gate and explicit maintainer approval"
UTINV-13-007,MAIN,13,7,P1,NEW,Real Integration Pilots,J,DEVELOPMENT_INVENTORY_2026-10-09.md#L294,C05,PROTOTYPE,G06,External non-Wist author benefit must be demonstrated before SDK expansion; refer to inventory source line for original technical qualifications,DOC/HISTORICAL,"Await fresh code check, E-gate and explicit maintainer approval"
UTINV-13-008,MAIN,13,8,P1,NEW,Authoring Usability Study,J,DEVELOPMENT_INVENTORY_2026-10-09.md#L295,C05,PROTOTYPE,G06,External non-Wist author benefit must be demonstrated before SDK expansion; refer to inventory source line for original technical qualifications,DOC/HISTORICAL,"Await fresh code check, E-gate and explicit maintainer approval"
UTINV-13-009,MAIN,13,9,P2,NEW,Design Partner Interviews,J,DEVELOPMENT_INVENTORY_2026-10-09.md#L296,C05,PROTOTYPE,G06,External non-Wist author benefit must be demonstrated before SDK expansion; refer to inventory source line for original technical qualifications,DOC/HISTORICAL,"Await fresh code check, E-gate and explicit maintainer approval"
UTINV-13-010,MAIN,13,10,P2,NEW,Extension Ecosystem Pilot,"J, F",DEVELOPMENT_INVENTORY_2026-10-09.md#L297,C05,PROTOTYPE,G06,External non-Wist author benefit must be demonstrated before SDK expansion; refer to inventory source line for original technical qualifications,DOC/HISTORICAL,"Await fresh code check, E-gate and explicit maintainer approval"
UTINV-13-011,MAIN,13,11,P3,UNKNOWN,Commercial Support Model,J,DEVELOPMENT_INVENTORY_2026-10-09.md#L298,C05,PROTOTYPE,G06,External non-Wist author benefit must be demonstrated before SDK expansion; refer to inventory source line for original technical qualifications,DOC/HISTORICAL,"Await fresh code check, E-gate and explicit maintainer approval"
UTINV-14-001,MAIN,14,1,P0,EXPERIMENTAL,E1 Semantic Interoperability,E,DEVELOPMENT_INVENTORY_2026-10-09.md#L306,C02,RESEARCH_COMPARE_A_B_C,G02,N+1 hypothesis requires A/B/C competing controls before adoption; refer to inventory source line for original technical qualifications,DOC/HISTORICAL,"Await fresh code check, E-gate and explicit maintainer approval"
UTINV-14-002,MAIN,14,2,P0,NEW,E2 Cross-Representation Proof,E,DEVELOPMENT_INVENTORY_2026-10-09.md#L307,C04,RESEARCH,G04,IR or legality hypothesis requires real UT transformation and independent oracle; refer to inventory source line for original technical qualifications,DOC/HISTORICAL,"Await fresh code check, E-gate and explicit maintainer approval"
UTINV-14-003,MAIN,14,3,P0,NEW,E3 Legality Before Cost,E,DEVELOPMENT_INVENTORY_2026-10-09.md#L308,C04,RESEARCH,G05,IR or legality hypothesis requires real UT transformation and independent oracle; refer to inventory source line for original technical qualifications,DOC/HISTORICAL,"Await fresh code check, E-gate and explicit maintainer approval"
UTINV-14-004,MAIN,14,4,P1,EXPERIMENTAL,E4/E5 Language Workbench,E,DEVELOPMENT_INVENTORY_2026-10-09.md#L309,C05,PROTOTYPE,G06,External non-Wist author benefit must be demonstrated before SDK expansion; refer to inventory source line for original technical qualifications,DOC/HISTORICAL,"Await fresh code check, E-gate and explicit maintainer approval"
UTINV-14-005,MAIN,14,5,P1,NEW,E6 Full Cost Comparison,E,DEVELOPMENT_INVENTORY_2026-10-09.md#L310,C07,MEASURE,G08,Backend/specialization investment requires separated cost measurements; refer to inventory source line for original technical qualifications,DOC/HISTORICAL,"Await fresh code check, E-gate and explicit maintainer approval"
UTINV-14-006,MAIN,14,6,P0,NEW,E7 Adversarial Trust,E,DEVELOPMENT_INVENTORY_2026-10-09.md#L311,C03,RESEARCH,G03,Exact provenance and fail-closed trust require adversarial E7 controls; refer to inventory source line for original technical qualifications,DOC/HISTORICAL,"Await fresh code check, E-gate and explicit maintainer approval"
UTINV-14-007,MAIN,14,7,P1,PARTIAL,E8 Reproducibility,E,DEVELOPMENT_INVENTORY_2026-10-09.md#L312,C08,RESEARCH,G00,Negative oracles and mutation-sensitive verification precede correctness claims; refer to inventory source line for original technical qualifications,DOC/HISTORICAL,"Await fresh code check, E-gate and explicit maintainer approval"
UTINV-14-008,MAIN,14,8,P1,EXPERIMENTAL,Minimal Semantic Ontology,"V, D",DEVELOPMENT_INVENTORY_2026-10-09.md#L313,C02,RESEARCH,G02,N+1 hypothesis requires A/B/C competing controls before adoption; refer to inventory source line for original technical qualifications,DOC/HISTORICAL,"Await fresh code check, E-gate and explicit maintainer approval"
UTINV-14-009,MAIN,14,9,P1,EXPERIMENTAL,Direct Interfaces Baseline,"E, J",DEVELOPMENT_INVENTORY_2026-10-09.md#L314,C02,RESEARCH,G02,N+1 hypothesis requires A/B/C competing controls before adoption; refer to inventory source line for original technical qualifications,DOC/HISTORICAL,"Await fresh code check, E-gate and explicit maintainer approval"
UTINV-14-010,MAIN,14,10,P1,NEW,MLIR-Style Baseline,"E, J",DEVELOPMENT_INVENTORY_2026-10-09.md#L315,C02,RESEARCH,G02,N+1 hypothesis requires A/B/C competing controls before adoption; refer to inventory source line for original technical qualifications,DOC/HISTORICAL,"Await fresh code check, E-gate and explicit maintainer approval"
UTINV-14-011,MAIN,14,11,P1,EXPERIMENTAL,DSL Evolution Study,PR370,DEVELOPMENT_INVENTORY_2026-10-09.md#L316,C05,PROTOTYPE,G06,"Unmerged PR, do not infer master implementation; External non-Wist author benefit must be demonstrated before SDK expansion",DOC/HISTORICAL,"Await fresh code check, E-gate and explicit maintainer approval"
UTINV-14-012,MAIN,14,12,P1,NEW,Code Complexity Measurement,E,DEVELOPMENT_INVENTORY_2026-10-09.md#L317,C02,RESEARCH,G02,N+1 hypothesis requires A/B/C competing controls before adoption; refer to inventory source line for original technical qualifications,DOC/HISTORICAL,"Await fresh code check, E-gate and explicit maintainer approval"
UTINV-14-013,MAIN,14,13,P1,NEW,External Replication,J,DEVELOPMENT_INVENTORY_2026-10-09.md#L318,C02,RESEARCH,G02,N+1 hypothesis requires A/B/C competing controls before adoption; refer to inventory source line for original technical qualifications,DOC/HISTORICAL,"Await fresh code check, E-gate and explicit maintainer approval"
UTINV-14-014,MAIN,14,14,P2,NEW,Incremental Query Engine Study,D,DEVELOPMENT_INVENTORY_2026-10-09.md#L319,C02,RESEARCH,G02,N+1 hypothesis requires A/B/C competing controls before adoption; refer to inventory source line for original technical qualifications,DOC/HISTORICAL,"Await fresh code check, E-gate and explicit maintainer approval"
UTINV-14-015,MAIN,14,15,P2,NEW,Bounded Rule Engine Study,D,DEVELOPMENT_INVENTORY_2026-10-09.md#L320,C02,RESEARCH,G02,N+1 hypothesis requires A/B/C competing controls before adoption; refer to inventory source line for original technical qualifications,DOC/HISTORICAL,"Await fresh code check, E-gate and explicit maintainer approval"
UTINV-14-016,MAIN,14,16,P3,UNKNOWN,Scientific Differentiation,J,DEVELOPMENT_INVENTORY_2026-10-09.md#L321,C10,DEFER,,Speculative scale/solver/AI/UI complexity requires new measured trigger; refer to inventory source line for original technical qualifications,DOC/HISTORICAL,"Await fresh code check, E-gate and explicit maintainer approval"
UTINV-15-001,MAIN,15,1,P0,PARTIAL,Source/Docs Consistency,"C, L",DEVELOPMENT_INVENTORY_2026-10-09.md#L329,C09,CHARACTERIZE,G00,"Compatibility, maintainer release and artifact identity require exact SHA evidence; refer to inventory source line for original technical qualifications",DOC/HISTORICAL,"Await fresh code check, E-gate and explicit maintainer approval"
UTINV-15-002,MAIN,15,2,P0,PARTIAL,Schema Documentation Drift,"C, W",DEVELOPMENT_INVENTORY_2026-10-09.md#L330,C09,CHARACTERIZE,G00,"Compatibility, maintainer release and artifact identity require exact SHA evidence; refer to inventory source line for original technical qualifications",DOC/HISTORICAL,"Await fresh code check, E-gate and explicit maintainer approval"
UTINV-15-003,MAIN,15,3,P0,PARTIAL,Wist Representation Debt,"C, O",DEVELOPMENT_INVENTORY_2026-10-09.md#L331,C09,CHARACTERIZE,G09,"Compatibility, maintainer release and artifact identity require exact SHA evidence; refer to inventory source line for original technical qualifications",DOC/HISTORICAL,"Await fresh code check, E-gate and explicit maintainer approval"
UTINV-15-004,MAIN,15,4,P1,PARTIAL,Bytecode Representation Migration,PR371,DEVELOPMENT_INVENTORY_2026-10-09.md#L332,C04,RESEARCH_UNMERGED_PR,,"Unmerged PR, do not infer master implementation; IR or legality hypothesis requires real UT transformation and independent oracle",DOC/HISTORICAL,"Await fresh code check, E-gate and explicit maintainer approval"
UTINV-15-005,MAIN,15,5,P1,PARTIAL,Contract Negative Gates,"O, B",DEVELOPMENT_INVENTORY_2026-10-09.md#L333,C09,CHARACTERIZE,G09,"Compatibility, maintainer release and artifact identity require exact SHA evidence; refer to inventory source line for original technical qualifications",DOC/HISTORICAL,"Await fresh code check, E-gate and explicit maintainer approval"
UTINV-15-006,MAIN,15,6,P1,PARTIAL,Exact-HEAD CI Evidence,"C, E",DEVELOPMENT_INVENTORY_2026-10-09.md#L334,C08,RESEARCH,G00,Negative oracles and mutation-sensitive verification precede correctness claims; refer to inventory source line for original technical qualifications,DOC/HISTORICAL,"Await fresh code check, E-gate and explicit maintainer approval"
UTINV-15-007,MAIN,15,7,P1,PARTIAL,CI Compatibility Matrix,W,DEVELOPMENT_INVENTORY_2026-10-09.md#L335,C09,CHARACTERIZE,G09,"Compatibility, maintainer release and artifact identity require exact SHA evidence; refer to inventory source line for original technical qualifications",DOC/HISTORICAL,"Await fresh code check, E-gate and explicit maintainer approval"
UTINV-15-008,MAIN,15,8,P1,PARTIAL,Package Release Readiness,C,DEVELOPMENT_INVENTORY_2026-10-09.md#L336,C09,CHARACTERIZE,G09,"Compatibility, maintainer release and artifact identity require exact SHA evidence; refer to inventory source line for original technical qualifications",DOC/HISTORICAL,"Await fresh code check, E-gate and explicit maintainer approval"
UTINV-15-009,MAIN,15,9,P1,PARTIAL,Documentation Testing,"L, G",DEVELOPMENT_INVENTORY_2026-10-09.md#L337,C09,CHARACTERIZE,G09,"Compatibility, maintainer release and artifact identity require exact SHA evidence; refer to inventory source line for original technical qualifications",DOC/HISTORICAL,"Await fresh code check, E-gate and explicit maintainer approval"
UTINV-15-010,MAIN,15,10,P1,PARTIAL,Benchmark Coverage,R,DEVELOPMENT_INVENTORY_2026-10-09.md#L338,C09,CHARACTERIZE,G09,"Compatibility, maintainer release and artifact identity require exact SHA evidence; refer to inventory source line for original technical qualifications",DOC/HISTORICAL,"Await fresh code check, E-gate and explicit maintainer approval"
UTINV-15-011,MAIN,15,11,P1,PARTIAL,Runtime Failure Diagnostics,"C, G",DEVELOPMENT_INVENTORY_2026-10-09.md#L339,C09,CHARACTERIZE,G09,"Compatibility, maintainer release and artifact identity require exact SHA evidence; refer to inventory source line for original technical qualifications",DOC/HISTORICAL,"Await fresh code check, E-gate and explicit maintainer approval"
UTINV-15-012,MAIN,15,12,P2,NEW,Planning Scale Tests,F,DEVELOPMENT_INVENTORY_2026-10-09.md#L340,C09,CHARACTERIZE,G09,"Compatibility, maintainer release and artifact identity require exact SHA evidence; refer to inventory source line for original technical qualifications",DOC/HISTORICAL,"Await fresh code check, E-gate and explicit maintainer approval"
UTINV-15-013,MAIN,15,13,P2,NEW,Build/Ownership Simplification,C,DEVELOPMENT_INVENTORY_2026-10-09.md#L341,C09,CHARACTERIZE,G09,"Compatibility, maintainer release and artifact identity require exact SHA evidence; refer to inventory source line for original technical qualifications",DOC/HISTORICAL,"Await fresh code check, E-gate and explicit maintainer approval"
UTINV-15-014,MAIN,15,14,P3,NEW,Repository Split,F,DEVELOPMENT_INVENTORY_2026-10-09.md#L342,C10,DEFER,,Speculative scale/solver/AI/UI complexity requires new measured trigger; refer to inventory source line for original technical qualifications,DOC/HISTORICAL,"Await fresh code check, E-gate and explicit maintainer approval"
UTINV-EX-001,EXTRA,16,1,P1,UNKNOWN,Public Capability Matrix,USER_EXTRA,DEVELOPMENT_INVENTORY_2026-10-09.md#L417,C09,DEFER_OR_RESEARCH,G10,Supplemental original recommendation; not one of the 222 source tasks,DOC/HISTORICAL,Not independently approved
UTINV-EX-002,EXTRA,16,2,P1,UNKNOWN,Contract Compatibility Diff,USER_EXTRA,DEVELOPMENT_INVENTORY_2026-10-09.md#L418,C09,DEFER_OR_RESEARCH,G10,Supplemental original recommendation; not one of the 222 source tasks,DOC/HISTORICAL,Not independently approved
UTINV-EX-003,EXTRA,16,3,P2,UNKNOWN,Minimal Ecosystem Conformance Badge,USER_EXTRA,DEVELOPMENT_INVENTORY_2026-10-09.md#L419,C09,DEFER_OR_RESEARCH,G10,Supplemental original recommendation; not one of the 222 source tasks,DOC/HISTORICAL,Not independently approved
UTINV-EX-004,EXTRA,16,4,P2,UNKNOWN,Agent Tool Conformance Suite,USER_EXTRA,DEVELOPMENT_INVENTORY_2026-10-09.md#L420,C06,DEFER_OR_RESEARCH,G07,Supplemental original recommendation; not one of the 222 source tasks,DOC/HISTORICAL,Not independently approved
UTINV-EX-005,EXTRA,16,5,P2,UNKNOWN,End-to-End Authoring Cost Dashboard,USER_EXTRA,DEVELOPMENT_INVENTORY_2026-10-09.md#L421,C05,DEFER_OR_RESEARCH,G06,Supplemental original recommendation; not one of the 222 source tasks,DOC/HISTORICAL,Not independently approved
