id,severity,status,finding,canonical_owner,implementation,enforced_invariant,verification
WIST-RR-001,High,closed,Canonical build ignored exact test counts/timeouts,Build/release orchestration,Tools/run-test-contract.py; build.sh; build.ps1; eng/test-counts.json,"Exact TRX counts, zero failed/skipped, per-entry process timeout; four negative mutants",1545 exact suite contract; test-test-contract-mutants.py
WIST-RR-002,Medium,closed,Package surface accepted managed identity substitution,Package surface/integrity,Tools/check-wist-package-surface.py; eng/wist-package-surface.json,Byte equality to distinct trusted runtime/ref build outputs,managed-assembly-identity-swap mutant rejected
WIST-RR-003,High,closed,Security-relevant preset substitution survived release gates,Preset catalog/package verification,eng/wist-package-surface.json; Tools/smoke-wist-package.py,Per-preset SHA plus distinct semantic positive/negative vectors,preset-semantic-swap rejected; trusted/restricted interop differentiated
WIST-RR-004,Medium,closed,API gate did not compute immutable old/new diff,API compatibility,Tools/check-wist-api-compatibility.py; eng/wist-api-baseline.json; eng/wist-api-deltas.csv,Prior snapshot SHA/provenance plus exact delta ledger,current-only and paired current+baseline mutants rejected
WIST-RR-005,High,closed,Collectible runtime contexts remained rooted,BasicCore/Wist lifecycle,BasicCoreImpl.Run; WistEngine.Dispose,No ambient one-shot PreparedExecution; facade references cleared before host disposal,five preset unload cases; reachable disposed engine; eight sequential contexts
WIST-RR-006,Medium,closed,CLR numeric parameters incompatible with NumbersModule presets,Public input boundary,WistRuntimeBoundary; WistEngine; WistBackendDelegateCompiler,Normalize values and declared delegate types before binding/compilation,Evaluate/Validate/Compile/TryCompile on CIL/interpreter plus package smoke
WIST-RR-007,High,closed,object results leaked RealNumberImpl,Public result boundary,WistResultConverter; WistRuntimeValueNormalizer,Normalize before generic fast-path cast,object and IConvertible exact stable CLR values; no collectible owner
WIST-RR-008,Low,closed,Wist LanguagePack missing README,Package metadata,UniversalToolchain.Wist.LanguagePack.csproj; README.md,PackageReadmeFile and matrix inspection,final LanguagePack nupkg contains README
WIST-RR-009,High,closed,Trusted NumbersModule CLR interop could not adapt RealNumberImpl/double,CLR interop conversion/type owner,UserDefinedConversionResolver; RuntimeValueConversion; IntrinsicTypeResolutionContext; DeterministicMethodResolver; RealNumberImpl,Exact implicit user-defined conversion used consistently by resolution and execution,Sqrt(16.0)+1.0 returns 5 on CIL/interpreter and clean package consumer
